	HitNo	pdb	pdb_release_date	pdb_method	prob	Eval	Query_interval	Template_interval	Target_coverage	Template_score	Alignment	Truncated_pdb	Target_difficulty	Target_Neff	Target_classification	Target_title	Target_PDB_code	Template_DipDiff	Template_ChiDiff	Template_BBscore	Template_SCscore	Template_CaBLAMdiff	Template_DipCaBLAM_corr	Template_GDT_TS	Template_GDT_HA	Template_GDC_SC
0	3	3EYI_B	20090113	x-ray	96.2	0.00019	[17, 59]	[14, 56]	71.1864406779661	83.69322033898305	"AILNLIRMKTFKPEPEWIAERLALPL-EKVQQSLELLLDLGFIK
DIYRFLKDN-GPQRALVIAQALGMRTAKDVNRDLYRMKSRHLLD"	/tmp/jpereira/CASP14/templates/structures/3EYI_B_112-154_truncated_to_T1073-D1.pdb	94.315	14.88	TBM-easy	Bd2625   		-0.07023	-98.2	0.04969051370001095	0.4194898178605166	-0.10547	0.4927847423260329	91.67	75.59	64.46
2	9	3BRO_B	20080115	x-ray	95.7	0.00082	[27, 59]	[49, 81]	54.23728813559322	74.96864406779662	"FKPEPEWIAERLALPLEKVQQSLELLLDLGFIK
KEVLQRDLESEFSIKSSTATVLLQRMEIKKLLY"	/tmp/jpereira/CASP14/templates/structures/3BRO_B_46-78_truncated_to_T1073-D1.pdb	94.315	14.88	TBM-easy	Bd2625   		-0.03828	-91.2	0.00790253188820538	0.46499272293892796	-0.07402	-0.021621245281683986	90.62	75.78	65.4
3	10	1SFU_A	20040817	x-ray	95.7	0.00084	[28, 59]	[29, 60]	52.54237288135593	74.12118644067797	"KPEPEWIAERLALPLEKVQQSLELLLDLGFIK
YTTAISLSNRLKINKKKINQQLYKLQKEDTVK"	/tmp/jpereira/CASP14/templates/structures/1SFU_A_29-60_truncated_to_T1073-D1.pdb	94.315	14.88	TBM-easy	Bd2625   		-0.01225	-0.4000000000000057	0.005685156765234952	0.437142961288043	-0.10498	0.1397122290020897	98.44	91.41	75.91
4	12	5C17_A	20160203	x-ray	95.6	0.0009	[14, 59]	[25, 69]	76.27118644067797	85.93559322033897	"EHFAILNLIRMKTFKPEPEWIAERLALPLEKVQQSLELLLDLGFIK
ILRTIFFSIR-DGQAVTESSLINQTGINTKTVQSVVKILAQRQMIV"	/tmp/jpereira/CASP14/templates/structures/5C17_A_25-69_truncated_to_T1073-D1.pdb	94.315	14.88	TBM-easy	Bd2625   		0.00681	-0.5	0.016665511089456443	0.37455944523215456	0.01483	-0.024740790769253375	92.86	78.57	67.79
5	14	3I71_B	20100112	x-ray	95.5	0.0012	[28, 59]	[18, 49]	52.54237288135593	74.02118644067797	"KPEPEWIAERLALPLEKVQQSLELLLDLGFIK
GMTAGEVAAHFGWPLEKARNALEQLFSAGTLR"	/tmp/jpereira/CASP14/templates/structures/3I71_B_124-155_truncated_to_T1073-D1.pdb	94.315	14.88	TBM-easy	Bd2625   		-0.00562	-0.7000000000000028	0.004691001898011763	0.45649758161069043	0.02927	-0.5613941257300478	97.66	86.72	73.29
6	15	3I71_A	20100112	x-ray	95.5	0.0012	[28, 59]	[18, 49]	52.54237288135593	74.02118644067797	"KPEPEWIAERLALPLEKVQQSLELLLDLGFIK
GMTAGEVAAHFGWPLEKARNALEQLFSAGTLR"	/tmp/jpereira/CASP14/templates/structures/3I71_A_124-155_truncated_to_T1073-D1.pdb	94.315	14.88	TBM-easy	Bd2625   		0.00073	0.0	0.005578887664089982	0.4471655380250552	0.04437	-0.5952899525825932	98.44	89.06	74.38
7	16	5ZR6_B	20190320	x-ray	95.5	0.0013	[13, 59]	[6, 52]	77.96610169491525	86.73305084745763	"WEHFAILNLIRMKTFKPEPEWIAERLALPLEKVQQSLELLLDLGFIK
DYLKVIWTAQEWSQDKVSTKMLAERIGVSASTASESIRKLAEQGLVD"	/tmp/jpereira/CASP14/templates/structures/5ZR6_B_16-62_truncated_to_T1073-D1.pdb	94.315	14.88	TBM-easy	Bd2625   		-0.12319	-99.9	0.025415795214383197	0.4522705443409086	-0.11085	0.32686467941115444	91.86	75.0	65.03
8	17	1I1G_A	20020206	x-ray	95.4	0.0014	[28, 59]	[18, 49]	52.54237288135593	73.97118644067797	"KPEPEWIAERLALPLEKVQQSLELLLDLGFIK
RTPFTEIAKKLGISETAVRKRVKALEEKGIIE"	/tmp/jpereira/CASP14/templates/structures/1I1G_A_18-49_truncated_to_T1073-D1.pdb	94.315	14.88	TBM-easy	Bd2625   		-0.41022	-99.9	0.03225209701510932	0.40063092277162393	-0.13791	0.3346983937976074	94.53	82.03	69.09
10	20	2XVC_A	20110202	x-ray	95.4	0.0017	[13, 59]	[11, 56]	77.96610169491525	86.68305084745762	"WEHFAILNLIRMKTFKPEPEWIAERLALPLEKVQQSLELLLDLGFIK
TERELLDYIVNNG-GFLDIEHFSKVYGVEKQEVVKLLEALKNKGLIA"	/tmp/jpereira/CASP14/templates/structures/2XVC_A_211-256_truncated_to_T1073-D1.pdb	94.315	14.88	TBM-easy	Bd2625   		0.01111	-0.5	0.03604202066593176	0.4300960557483715	0.01894	-0.14305468492059237	86.95	72.28	61.18
11	24	4LLN_J	20140514	x-ray	95.3	0.0019	[27, 59]	[47, 79]	54.23728813559322	74.7686440677966	"FKPEPEWIAERLALPLEKVQQSLELLLDLGFIK
DGLTQNDIAKALQRTGPTVSNLLRNLERKKLIY"	/tmp/jpereira/CASP14/templates/structures/4LLN_J_46-78_truncated_to_T1073-D1.pdb	94.315	14.88	TBM-easy	Bd2625   		-0.01517	-1.8000000000000114	0.008865464241672028	0.45075855909281265	-0.04573	-0.18847338965601396	94.7	84.09	70.74
